{"alpha": 0.37382978104101316, "gamma": 3, "hidden_channels": 119, "out_channels": 50, "learning_rate": 0.002698230244670194}