{"alpha": 0.21229308245715064, "gamma": 5, "hidden_channels": 77, "out_channels": 54, "learning_rate": 0.0011342924670195125}